Bit Width,t-statistic,p-value
64,8.409989570675778,8.033876709611003e-15
256,11.443886432255459,1.3249242693854732e-23
512,8.357142345851969,1.1191253127263171e-14
1024,-0.4842115143735041,0.6287709199376146
2048,-2.0729782488704034,0.03946895969749818
4096,-18.980657713847965,1.9037443500659207e-46
